userID,caption,trial_number,image_name,group,tag,evaluator
20240126131801,"A young girl wearing a sweatshirt and tall socks stands in a grassy area, holding a rope attached to a large brown horse, with a small fire in the foreground and open land in the background including an older man and his darker brown horse",3,Image_1.png,effort,E3,1
20240314172051,"People enjoy a leisurely walk on a paved pathway in a park. Two of them are middle aged women walking side by side towards the front and two of them are adult individuals walking away. There is a young boy holding a red ball getting ready to kick it. There are benches along the path and on one of them there is an adult woman sitting down with her legs crossed, and another has an old man sitting down taking a phone call with his legs crossed and a black dog besides him staring into the distance. There is lush grass and trees with what appears to be a fountain to the left and a small building to the back. The trees are to the right of the image. It is a cloudy day",4,Image_10.png,effort,E5,1
20240126144429,Two people sit on a bench overlooking a calm sea as the sun sets in the distance and a singular boat navigates through,4,Image_11.png,default,D3,1
20240125205520,"A young boy wearing a yellow t-shirt, gray shorts, and an orange helmet is jumping over the curb on a scooter. The day is sunny and residential homes fill the background.",2,Image_12.png,default,D2,1
20240126170315,Two female athletes in a competitive chase for the ball during a soccer match. One of the athletes is wearing a blue jersey while the other is wearing a white jersey. The athlete with the blue jersey seems to be pushing the athlete with a white one to get hold of the ball from her. There are two more athletes in the background from each of the two teams. ,9,Image_13.png,default,D4,1
20240321132333,"A hiker wearing black gear climbs up a steep slope covered with snow using hooks in his hands to pierce through snow. The backdrop shows the snowy trail shining with sunlight, on the left are some plants and mountain rock. At the foreground are a couple of hiking sticks etched in snow. ",9,Image_15.png,effort,E9,1
20240125143337,A group of adults and children stands by a small pool containing three small orange fish. The children are at the edge of the pool. Two children are interacting and an older lady is reaching out to both of them. Other adults walk by in front of a green wall in the background.,5,Image_2.png,default,D1,1
20240315171104,"A lone figure is fishing beside a tranquil moggy lake at dawn, under the shelter of a large green tree. There are many trees on the other side of the lake.",11,Image_3.png,effort,E8,1
20240129161024,"City pedestrians walk by a colorful puppet theater display on the back of a yellow cargo bike, with painted figures resembling the character in The Scream. The most prominent pedestrian is wearing a brown jacket and blue jeans. The middle ground contains an intersection where pedestrians wait to cross in one direction and cross in the. Two cop cars wait for the light to change. A stone building that resembles a fort is behind the intersection, with taller office-style buildings behind them. It looks like New York City.",4,Image_5.png,effort,E4,1
20240125151039,An Asian man and woman are patronizing a street food vendor with a yellow taxi parked behind them. There is another woman on the left with her face blocked by a tree.,12,Image_6.png,effort,E2,1
20240314213151,"A man in a red jacket, white cargo pants, glasses and hat sits on a wooded grey bench along side with his trekking equipment. The man is cooking food in the outdoors on the bench while being surrounded by greenery",2,Image_7.png,effort,E7,1
20240314182149,"A red off-road vehicle is perched on an uneven dirt path with one person inside as the driver and two people outside the car, one of them being a woman in a light green shirt.",8,Image_9.png,effort,E6,1
20240129161024,"A young woman in knee-high rubber boots and a black long-sleeve shirt with an athletic logo stands in a grassy field, holding a rope in her left hand that is tied to a horse's green bit, on her right. The horse faces toward a firepit in the foreground, along with the woman. In the background, an older white male with a baseball cap, blue shirt, blue jeans, and a lanyard looks toward the fire as well. A horse walks partially off camera to his left. There are logs scattered on the background behind the man and the second horse. Wooden fences are in the far background, and a forest is behind them.",2,Image_1.png,effort,E4,2
20240314182149,A man in a park talking to his phone with his dog besides him as the dog looks at the camera. The sky looks cloudy and a boy in a red shirt is playing basketball. There also seems to be a venue place at the background.,2,Image_10.png,effort,E6,2
20240126170315,Two people sit on a bench on the side of a river overlooking it as the sun sets in the distance. There is a ship in the sea in the line of sight of the couple. There are buildings vaguely visible across the river.,11,Image_11.png,default,D4,2
20240126144429,A young person is enjoying a sunny day outside doing tricks on a scooter,5,Image_12.png,default,D3,2
20240314172051,Two young women are playing soccer. One is playing for a blue team and the other one is playing for a white team. The one in blue has a concentrated look on her face as she goes for a tackle in an attempt to get the ball away from the other woman. The other woman has a look of shock on her face with her mouth wide open as she falls down with the ball still in her possession at her right foot. The ball has each pentagon colored white with a black border and each hexagon surrounded in black with a white triangle in the center. They are in a soccer pitch with a red flag in the background representing the edge of the field. There is a woman from the blue team in the right on the back and one from the white team on the left side. Behind them is a black net and behind that there is a bunch of tall bushes completely covering the background. ,10,Image_13.png,effort,E5,2
20240314145233,A traveler is climbing up a snowy trail towards the ski poles on a sunny day. The climber is using a red ice pick and cleats to make it up the trail. They are carrying their skis on their back with the rest of their equipment.,2,Image_15.png,default,D5,2
20240125205520,A small boy in a red shirt is pulled away from a water exhibit with golden fish in it by a girl and woman while several other children watch. There are several other pedestrians walking in the background and a large green wall.,6,Image_2.png,default,D2,2
20240321132333,A large tree stands on the left side of the image on top of a small slope. At the bottom of that slope is sillhouete of a man looking at the lake in the back of the image. At the very back are trees on the other side of the lake and some sunlight peaking through the fog atmosphere at the dawn.,7,Image_3.png,effort,E9,2
20240125143337,City pedestrians walk near around a colorful puppet theater cart near an intersection on a busy day. Multiple tall buildings and street cars are visible in the background. Pedestrians are wearing coats and pants. ,8,Image_5.png,default,D1,2
20240126131801,A grown man and woman observe a collection of food items for sale at an outdoor market at night while the vendor adjusts the food,7,Image_6.png,effort,E3,2
20240315171104,"A man wearing a glass in a red jacket and black hat and white jeans sits on a bench surrounded by greenery, preparing a meal outdoors. There is a red bottle on the bench. ",2,Image_7.png,effort,E8,2
20240314213151,A red off-road Cherokee Jeep vehicle with heavy suspensions and off road tires is perched on an uneven dirt rocky path with a small child spectating in the distance. In the background there is a dry grassy hill ,10,Image_9.png,effort,E7,2
20240125143337,"A young girl wearing a black sweatshirt, brown pants, and riding boots stands in a grassy area holding the reigns for the brown horse on the left, with a small fire in the foreground and an older man looking on and standing next to another brown horse in the background. A forest is visible behind the grassy area.",1,Image_1.png,default,D1,3
20240314213151,Numerous people enjoy a leisurely walk on a paved pathway in a park with benches and lush grass on a cloudy day. A male person with sunglasses is talking on the phone on a wooden bench while a dark dog sits alongside him. In the background there is a a big gazebo,11,Image_10.png,effort,E7,3
20240314172051,"A man dressed in black and a woman dressed in blue, both with glasses sit on a bench overlooking a calm sea as the sun sets in the distance above the skyline of a city with 6 very tall buildings. Out of the 6 buildings one is noticeably taller than the rest. There are clouds covering most of the sky except for a circular area above the city and the are behind that. There is a white sail boat with a red line near the top in the middle of the sea, and another boat in the distance to the left.",11,Image_11.png,effort,E5,3
20240126170315,A young boy is enjoying a sunny day outside on a scooter. The boy is doing a stunt with the scooter near the footpath. It is a residential area with bungalows in the background.,8,Image_12.png,default,D4,3
20240314182149,"A girl in a blue soccer shirt numbered 21 pushing a girl from the opposite team with a white shirt as she tries to get hold of the ball as two other girls, one from each team, approach them.",7,Image_13.png,effort,E6,3
20240314153816,"A traveler with backpack is climbing a snowy trail in a quiet forest, taking in the serene snowy landscape. there is snow everywhere.  in front of him there are foot steps and also two sticks are located at the end of the foot steps",9,Image_15.png,default,D6,3
20240126144429,"Some families stand by an indoor water tank with fishes, engaging with the exhibit",1,Image_2.png,default,D3,3
20240314145233,"A fisherman is fishing beside a glass like lake as the sun rises over the landscape. It is a foggy morning, with no one around. A tree in the foreground provides shadow over the fisherman.",12,Image_3.png,default,D5,3
20240125205520,City pedestrians walk by a colorful street puppet-theatre cart on a busy day. The cart is mounted on a bike and appears to be empty. There are two pedestrians walking to the left the cart and are looking past the cart. Tall skyscrapers fill the background.,1,Image_5.png,default,D2,3
20240129161024,"An man and woman with dark hair consider the items for sale at a vendor's table, which holds food and other items, with greenery partially obscuring a third figure on their right. A yellow taxi cab speeds by in the background. The vendor owner, a woman with dark hair and a green shirt, faces them with her back to the camera and one arm resting on the cluttered table.",10,Image_6.png,effort,E4,3
20240321132333,"A man wearing a red jacket, black baseball cap and white shorts, is sitting on a white gray bench which is surrounded by greenery. On the other side of the bench is placed a metal container in which a man is  preparing a meal outdoors.",5,Image_7.png,effort,E9,3
20240315171104,A big red off-road vehicle is perched on an uneven dirt path with a young women standing in the distance looking at it in a sunny day. There is a mountain with grass in the background.,10,Image_9.png,effort,E8,3
20240125205520,"A teenage girl in jeans and a black branded hoodie stands in a grassy area, looking at a small fire in the foreground. She is holding a rope that is attached to the muzzle of a large brown horse. A grassy ranch land fills the background with an older man in jeans and a blue button-up shirt looking at her. Another large horse stands beside the man. ",4,Image_1.png,default,D2,4
20240315171104,"People enjoy a leisurely walk on a wide paved pathway in a park with benches and lush grass and some houses on a cloudy day. There are three people sitting in the benches, a women sit with a old man and a women sit in a separate bench.",6,Image_10.png,effort,E8,4
20240314182149,A man and a woman sitting on the bench overlooking the calm see and the city view as the sun sets in the horizon and a white boat is passing through their view.,12,Image_11.png,effort,E6,4
20240314172051,"A young boy is enjoying a sunny day outside on a scooter jumping from the street onto the sidewalk. He has a yellow shirt, shorts, and an orange helmet. There is a look of concentration on his face. There are three houses behind him, the one in the middle with two vehicles and the other two with only one each. The houses have greenery in front of them that includes bushes and small trees.",2,Image_12.png,effort,E5,4
20240314213151,"Two female soccer athletes are  competing for the ball possession on a green soccer field during a soccer match. One team has blue shirts and the other team has white shirts. In the background, two other female soccer athletes are watching ",8,Image_13.png,effort,E7,4
20240319161334,"A mountain climber is climbing up towards the camera, on a snowy mountain face. The man has two red ice picks, and is judging his pick positioning. There are two ski poles above the climber near the camera, and footprints on the snow. The mountain slopes down in the distance to the right",3,Image_15.png,default,D7,4
20240126170315,"A group of people stand by or pass by an indoor water feature containing fishes, The children are peeking at or trying to play with the fishes There is a green wall in the background.",5,Image_2.png,default,D4,4
20240314153816,"A lone figure stands beside a tranquil lake with a fishing stick at dawn, under the shelter of a large green tree on the grass with a forest in the background on the other side of the lake",1,Image_3.png,default,D6,4
20240126144429,City pedestrians walk by a colorful street puppet theatre cart on a busy day,3,Image_5.png,default,D3,4
20240125143337,A younger lady wearing a white shirt and an older man stand at a table covered in food items. Another lady stands across from them motioning towards items on the table.  A fourth person is partially visible behind a plant on the left.  The scene is a dimly lit outdoor market with a taxi cab visible in the background,2,Image_6.png,default,D1,4
20240314145233,"A man in a red jacket sits on a wooden bench surrounded by nature, heating a meal with a gas camping stove. The surrounding plants are flowering.",3,Image_7.png,default,D5,4
20240321132333,"A red off-road four wheeler vehicle is perched on an uneven dirt path in the middle of the day. There is a young girl wearing green shirt and and blue shorts, standing just above it on the dirt path and staring the vehicle. The background shows the barren and rocky dune with a glimpse of the blue sky on the right side.",2,Image_9.png,effort,E9,4
20240126144429,"A girl stands in a grassy area, holding a horse, with a small fire in the foreground and open land in the background with a man and another horse",9,Image_1.png,default,D3,5
20240321132333,"The image shows a park with a curved paved pathway in the middle, and lush green grass on both sides of it. On its left some part of a fountain feature can be seen. On the right side of the pavement are some trees and some benches, with an old man sitting on the first bench along with his big gray dog. Some women can be seen enjoying a leisurely walk on the pathway. In the  background is a tiled canopy and a cloudy evening sky.",4,Image_10.png,effort,E9,5
20240314213151,"A male with glasses sits next to a women on a bench gazing on a calm sea as the sun sets in the distance. In the background, a small ship is moving on the sea from left to right. Further in the background, the skyline of a city is shown",6,Image_11.png,effort,E7,5
20240314182149,"A young boy with a yellow shirt, gray shorts, and an orange helmet passing a bump on the road with his scooter on a sunny day.",3,Image_12.png,effort,E6,5
20240315171104,A young women in blue T-shirt is chasing a young women in white T-shirt with a football in a competitive soccer match. The women being chased is about to hit the grass ground. A women in blue T-shirt and a women in white T-shirt is walking towards them.,12,Image_13.png,effort,E8,5
20240320153731,"A mountain climber uses his climbing equipment to hold onto the side of a steep snowy incline. One evergreen tree sits just above him, and hiking poles are placed at the top of the incline. Footprints lead from the hiking poles down to the mountain climber. A shallow layer of snow covers the rocky path below the climber in the background.",12,Image_15.png,default,D8,5
20240314172051,Adults are walking by a path besides a fountain with fish while a young woman and 6 children stop by the fountain. A toddler in a red shirt is trying to get into the fountain while a young girl tries to stop her by pulling her back with an expression of surprise on her face. The young woman is reaching out with her hand to help the girl pull back the toddler. The people walking behind and the other 4 children are watching this all happen. There is a green building in the background. The fountain is made out of stone with the bottom of it being blue tiles and there are three yellow fish swimming. There is a green plant to the bottom left of the image.,7,Image_2.png,effort,E5,5
20240319161334,"A lone man stands at the shore of a lake, facing away from the camera, and seems to be fishing. The sun is opposite the camera, and there is a mist above the lake, suggesting it is winter. There is a tree to the left of the photo and the man. The man looks surprisingly tiny given that he should be only a few meters to the right of the tree",7,Image_3.png,default,D7,5
20240126170315,City pedestrians walk by a colorful street vendor cart on a busy day. There is a road crossing which people use to cross the road. White cars are waiting for the pedestrians to cross the road. There are also traffic signals to control the vehicle and pedestrian traffic.,3,Image_5.png,default,D4,5
20240125205520,A man in a green button up shirt and a woman in a branded white t-shirt interact with a female street food vendor in a short-sleeve green shirt at a dimly lit outdoor market. Food fills the table of the vendor and a taxi is moving behind them in the background.,10,Image_6.png,default,D2,5
20240314153816,"A man in a red jacket and white shorts sits on a bench surrounded by greenery, preparing a soup like meal outdoors. He is wearing glasses and a cap. there is a silver bottle on the bench as well as another red bottle. there is small pink flower next to the bench",7,Image_7.png,default,D6,5
20240314145233,"On the side of a grassy hill stands a female in green watching, the red off-road vehicle cross gap between the rocks on a sunny day. All but one of the large, thick treaded tires are on the ground.",7,Image_9.png,default,D5,5
20240126170315,"A young female stands in a grassy area, holding a rope tied to a horse, with a small fire in the foreground. There is a person farther away standing by a horse. there is open land in the background densely surrounded by trees. ",6,Image_1.png,default,D4,6
20240314145233,"People enjoy a leisurely walk on a paved pathway in a park with benches and lush grass on a cloudy day. The path leads to a gazebo. One person is wearing a red shirt playing with a red ball. Several people are on the park benches, a woman alone sitting alone with black pants. Closest is a man in a blue shirt sitting next to a grey dog.

",1,Image_10.png,default,D5,6
20240315171104,A man and a women sit on a bench overlooking a calm sea with a boat on it as the sun sets in the distance. There are several tall buildings can be seen in the distance.,4,Image_11.png,effort,E8,6
20240314213151,"A young male children with an orange helmet, yellow shirt and white sneakers is enjoying a sunny day outside on a scooter on the streets of a neighborhood. Several houses and cars are observed in the background ",7,Image_12.png,effort,E7,6
20240321132333,"Two athletes are seen playing soccer on a sunny day in a field, one wearing a white and black gear tripping over the ball while the other one who is wearing a blue gear appears to be chasing the first player. In the background two players, one from each team appear to be walking towards front, while observing the sight. The background shows the fence for the field and dense trees behind it.",10,Image_13.png,effort,E9,6
2024,"A traveler treks across a gentle snowy trail in a quiet forest, taking in the serene winter landscape",1,Image_15.png,control,O,6
20240314182149,A group of adults trying to prevent their children from enthusiastically entering a pool with three orange fish in it.,4,Image_2.png,effort,E6,6
20240320153731,"A lone figure holding a fishing rod stands in front of a tranquil lake at dawn, under the shelter of a large tree. The sun shines through trees sitting on the other side of the lake and reflects off the surface of the water. Hazy fog lifts off the surface of the lake. Behind the figure, tall grasses grow off the gently sloping riverbank.",11,Image_3.png,default,D8,6
20240314172051,City pedestrians crossing a street and in a corner of the street walk by a colorful cart being pulled by a yellow tricycle parked by a newspaper box. The cart is tall and painted in bright colors with a sign that says puppet theatre. There are multiple cars waiting to cross the street while pedestrians completely cover the street while crossing it. In the background there is many sky scrapers and a single 2 story building with a more classical design.,6,Image_5.png,effort,E5,6
20240126144429,Customers interact with a variety food vendor at a dimly lit street market,10,Image_6.png,default,D3,6
20240319161334,"A man in a red jacket, hat and white shorts sits on a bench surrounded by green plants up to knee height. He seems to be boiling a meal in a deep pot, with a plastic plate, red bottle and a thermos on the bench. He is dipping something into the pot",10,Image_7.png,default,D7,6
20240314153816,A red off-road large vehicle is perched on an uneven dirt path with a girl in the distance and a the driver is inside the car. Another man is behind the car. They are outside and it is during the daytime as everywhere is bright. The car's shadow is small. ,4,Image_9.png,default,D6,6
20240314172051,"A young girl stands in a grassy area, holding a rope tied to a brown horse that is slumped down, she has a black sweatshirt and a concerned expression. There is a small fire in the foreground where wood is burning inside a brown container. There is open land covered in grass behind her with a thick forest all the way in the back. The grassy area is separated by wooden fences with logs in the ground some distance behind the girl where an older man dressed in blue is standing staring at the girl with a dark brown horse besides him.",5,Image_1.png,effort,E5,7
20240314153816,A paved pathway in a park with benches and lush grass on a cloudy day. some people are seen walking in the background. a man with a dog is on one bench and another woman is sitting a further bench the green trees are behind the benches. a child is playing with a ball . town houses are seen far in the background,12,Image_10.png,default,D6,7
20240321132333,"A man and a woman siting on a bench with their backs facing the camera. overlooking a calm sea, with a yatch and the sillehuete of the city line, as the sun sets in the distance with a cloudy sky.",11,Image_11.png,effort,E9,7
20240315171104,A young man in yellow T-shirt and wearing a orange hat and white shoes is enjoying a sunny day outside on a scooter. There are some white and grey houses and some cars in the background.,9,Image_12.png,effort,E8,7
20240314145233,"During a soccer match two players make a play on the ball. The player in white falling while dribbling the white ball with the blue player attempting to make a tackle from behind. The field is of okay condition surrounded by a track, teammates in the background are coming to support their teammates.",4,Image_13.png,default,D5,7
20240125120801,A traveler wearing all black with their sleeves rolled up and carrying a large backpack using their tools in hand to trek across a gentle snowy trail in a serene winter landscape with snow covering the trees and rock formations in the background,7,Image_15.png,effort,E1,7
20240314213151,"A numerous group of individuals walk in the background near an indoor water feature. Closer to the water feature, small kids are playing and observing the fishes in the water feature ",4,Image_2.png,effort,E7,7
2024,"A lone figure stands beside a tranquil lake at dawn, under the shelter of a large tree",1,Image_3.png,control,O,7
20240314182149,"A man holding a woman's hand as they walk by a colorful puppet theatre cart, attached to a yellow bike, on a busy day",1,Image_5.png,effort,E6,7
20240126170315,Customers interact with a vendor at a dimly lit outdoor market. There is a yellow car in the background which could be a taxi or a cab.,2,Image_6.png,default,D4,7
20240320153731,"A middle-aged man in a red jacket and hiking shoes sits outdoors on a wooden bench surrounded by torso-height ferns. He is preparing soup in a large pot next to him on the bench. A hiking stick rests on the bench behind him, and the occasional flower graces the sea of green surrounding him.",6,Image_7.png,default,D8,7
20240319161334,"A red off-road mid-90s Jeep is perched on an uneven rocky part of a hill with a girl of age around 9 uphill just behind the SUV. The Jeep has offroad tires and suspension, and its front left wheel is off the ground. There is dry yellow grass behind the Jeep and the girl uphill in the background",11,Image_9.png,default,D7,7
20240314182149,A young girl standing besides a light brown horse looking confused at a firepit with a man and a dark brown horse in the background.,6,Image_1.png,effort,E6,8
20240319161334,"A senior man with a black dog both sit on a bench in a paved pathway in a park with lush grass on a cloudy day. A boy is dribbling a basketball as more senior people walk along the path. There are trees on the outer edge of the paved path, a fountain on the inner side, and a small building a few meters from the people, in the background.",9,Image_10.png,default,D7,8
20240314145233,"Two people sit on a bench overlooking the calm river as the sun sets over the city skyline on a partly cloudy day. The man, in black, and the woman, in blue, are watching a small vessel pass by.",5,Image_11.png,default,D5,8
20240321132333,"A young boy wearing a yellow shirt and orange helmet is riding his scooter, jumping from the road to the sidewalk, on a sunny day in the suburbs. The image is slightly tilted, with the gray road and sidewalk taking the bottom left triangle while the suburb houses and a clear blue sky taking up the other side.",6,Image_12.png,effort,E9,8
20240314153816,"Two female athletes in a competitive chase for the ball during a soccer match, the one with the white shirt (on the right) has the ball while the one with the blue shirt (on the left) is chasing her and making her fall down, there are two other athletes in the background, one with white and the other with a blue shirt. They are all on a grass soccer field. There are trees in the background. A red corner flag is located on the left side of the picture",2,Image_13.png,default,D6,8
20240125151039,A male mountaineer with a backpack is climbing up a jagged cliff with snow axes. There are pine shrubs around the mountain and a pair of hiking sticks in front of him up the cliff.,2,Image_15.png,effort,E2,8
20240315171104,"A group of individuals stands by an indoor water feature, engaging with the exhibit. There are some fish in the water. The children are very happy and their parents want to stop them from getting to close to the water.",7,Image_2.png,effort,E8,8
20240125120801,"A lone figure with a hat and fishing rod stands at the bottom of a hill beside a tranquil lake reflecting the scene at dawn, under the shelter of a large tree atop the hill with the sunlight shining brightly on the trees and grass across the lake",4,Image_3.png,effort,E1,8
20240314213151,"In a highly dense city street, several people are walking the streets. Some people are walking in front of a colorful street vendor cart on a busy day. In the background, there are two police vehicle ",9,Image_5.png,effort,E7,8
20240314172051,An adult man and two young women interact with a female vendor at night on a dimly lit food stall on the side of a street. There is a tree to the left covering most of one of the young women and a taxi passing behind everyone with its top light on. There is a bucket holding drinks on the other side of the street.,1,Image_6.png,effort,E5,8
2024,"A man in a red jacket sits on a bench surrounded by greenery, preparing a meal outdoors",1,Image_7.png,control,O,8
20240320153731,"On a the side of a hill in the desert, a red off-road vehicle with a man wearing sunglasses in the driver's seat is wedged between two large rocks with its front right tire stuck partially in the ground. The vehicle is tilted 45 degrees onto its right side. Behind the vehicle, a young girl in a green shirt observes the vehicle.",4,Image_9.png,default,D8,8
20240314213151,"A young female individual wearing a black sweater stands in a grassy area in front of a wood fire, at the same time she is holding a rope which is attached to golden haired horse. In the background there is an older male looking in the open land watching the young female while  a horse stands behind him",3,Image_1.png,effort,E7,9
20240320153731,"Four elderly people enjoy a leisurely walk on a paved pathway in a park with benches and lush grass on a cloudy day. A young boy in a red shirt is posed next to them with a basketball in hand, ready to dribble. An older woman in a blue shirt sits on a bench, watching people pass by. Closer to the foreground, an elderly man with sunglasses sits on a bench with his large gray dog sitting next to him on the same bench. Several people are gathered in a pavilion in the background, next to a grove of large evergreen trees.",1,Image_10.png,default,D8,9
20240314153816,A man and a woman sit on a bench overlooking a calm sea as the sun sets in the distance. there is small ferry in the middle of the sea and the buildings of a city are seen in the background across the sea,10,Image_11.png,default,D6,9
20240314145233,"On a bright sunny day, in a quiet mobile home complex, a young boy wearing brightly colored clothes is performing a trick on a scooter. The boy is wearing an orange helmet, yellow and blue shirt with sneaker containing a dash of red. In the background, are parked several trucks varying in size and color.",8,Image_12.png,default,D5,9
20240319161334,"Two female soccer players are competing for the ball during a soccer match. The girl with a blue outfit is chasing the girl with the white shirt and black shorts, who currently has the ball and appears to be falling to the ground",5,Image_13.png,default,D7,9
20240126131801,A hiker climbs a steep snowy cliff in a quiet forest with hiking gear,4,Image_15.png,effort,E3,9
20240321132333,"A group of children are gathered on the side of an indoor blue tiled pond. Among those kids, on the left is a young girl is sitting on the boundary wall of the pond, on the right side is another kid leaning on the boundary wall to look inside the pond, in the middle are a couple of kids with their mother. The pond contains three orange fishes. In the background is a green wall and a pathway where many people can be seen walking. In the foreground is a green plant with big leaves on the bottom left.",3,Image_2.png,effort,E9,9
20240125151039,A young man wearing a hat with a fishing rod is standing on the bank of a tranquil lake at dawn with fog around him. He is standing under the shade of a large tree. Across the lake are other trees and shrubs.,1,Image_3.png,effort,E2,9
20240315171104,Many city pedestrians walk by a colorful street vendor cart on a busy day. There is a man and a women walking by it closely. The traffic of the street is very busy.,1,Image_5.png,effort,E8,9
20240314182149,Three customers interacting with a street food vendor as a yellow car is passing in the background. The young girl seems happy and interested.,10,Image_6.png,effort,E6,9
20240125120801,"A man in a red jacket, cargo shorts, black hat, and glasses sits on a bench surrounded by lush greenery, stirs food in a pot next to him with a cup, plate, and bottle also on the bench as he prepares a meal outdoors",8,Image_7.png,effort,E1,9
2024,A red off-road vehicle is perched on an uneven dirt path with a spectator in the distance.,1,Image_9.png,control,O,9
20240315171104,"A young women wearing black T-shirt stands in a grassy area, holding a rope tied to a horse, with a small fire in the foreground and open land in the background. A man is watching at this women and there is a horse with the man too.",3,Image_1.png,effort,E8,10
2024,People enjoy a leisurely walk on a paved pathway in a park with benches and lush grass on a cloudy day,1,Image_10.png,control,O,10
20240319161334,"A couple sit on a bench overlooking a bay after the sun has set. Two small boats are on the bay, and there is a forest and cityscape at the opposite shore, far in front of the couple. The sky is mostly cloudy near the couple, but clear further away.",8,Image_11.png,default,D7,10
20240314153816,A young boy with a yellow T shirt and gray shorts is enjoying a sunny day outside on a scooter in the driveway. he is wearing helmets. There are town houses in the background with a blue sky. the picture is taken at a diagonal angle,8,Image_12.png,default,D6,10
20240320153731,"Two young women wearing soccer jerseys jockey competitively for control of the ball during a soccer match on a smooth grassy field during a sunny afternoon. One woman with black hair wearing a white jersey opens her mouth wide as she is off balance, while the woman with blonde hair wearing a blue jersey stares on at her from behind with her left arm stretched out. Two other female athletes  jog slowly toward the scene in the background. Behind them, a black wire fence sits just before a row of green hedges.",9,Image_13.png,default,D8,10
20240129161024,"A caucasian traveler uses hooks to climb a steep snowy hillside, which has rocks, moss, and greenery poking out from under the snow. A pair of walking poles sticks out o the  snow in the foreground, and footprints lead toward the photographer.",9,Image_15.png,effort,E4,10
20240314145233,"Adults are watching small children play with an indoor water feature, containing fish. One child is holding back a smaller child in red from entering the water feature. Several people are passing by without paying much attention.",6,Image_2.png,default,D5,10
20240126131801,"A lone man wearing a baseball cap fishes in a tranquil lake at dawn, under the shelter of a large tree",6,Image_3.png,effort,E3,10
20240321132333,"The center of the image features a tricycle with a very vibrant and colorful boxed structure build at its back that reads puppet theatre at the bottom. The cycle is parked on the sidewalk of a busy city where pedestrians can be seen walking and crossing the road behind the cycle. The backdrop shows the bottom of very tall buildings, with the afternoon sunlight on a few of them.",8,Image_5.png,effort,E9,10
20240314213151,"In the background, a yellow taxi is moving right to left.  Two customers, one male dark hair and beige shirt, and one female dark hair and white shirt interact with a female vendor at a dimly lit outdoor market",5,Image_6.png,effort,E7,10
20240125151039,"A man in a red jacket, white shorts, and black hat is sitting on a bench surrounded by greenery, preparing a meal in an electric cooker. There is a red beverage bottle, metal cup, and plastic container also on the bench.",4,Image_7.png,effort,E2,10
20240125120801,A red boxy off-road vehicle is perched on an uneven dirt path balancing on three out of the four tires in a crevice on the road while a small girl in a green shirt and blue shorts spectates in the distance.,5,Image_9.png,effort,E1,10
20240321132333,"A young girl with blond hair is standing in a grassy field, next to a golden brown horse, holding its rope. There is a small fire in the foreground and the girl is looking at it. In the background there is a man standing next to a brown horse. Further back there is open land with a fence and then trees.",1,Image_1.png,effort,E9,11
20240125120801,"People enjoy a leisurely walk on a paved pathway in a park with lush grass and trees, a large open gazebo in the background, and benches lining the pathway where a man is sitting with a black dog on the nearest bench on a cloudy day",12,Image_10.png,effort,E1,11
20240320153731,A middle-aged man and woman sit peacefully on a wooden bench overlooking a river. One medium sized fishing vessel and a smaller pleasure craft move slowly through the water as the sun sets in the distance behind scattered clouds and the skyscrapers of a large city on the opposite bank of the river.,3,Image_11.png,default,D8,11
20240319161334,"A boy of age around 11 is in mid-air with his scooter. He is wearing an ill-fitting orange helmet, in a suburban looking neighborhood on a bright sunny day. The image is tilted at an angle",4,Image_12.png,default,D7,11
2024,Two athletes in a competitive chase for the ball during a soccer match,1,Image_13.png,control,O,11
20240125143337,A climber wearing a backpack and hat climbs across a steep snowy trail on the edge of a rocky area visible in the background. Two ski poles stick out of the snow in the foreground and part of an evergreen bush is visible on the left.  Footprints are seen in the snow near the ski poles.,6,Image_15.png,default,D1,11
20240314153816,"A group of families stands by an indoor water feature, one child is trying to go into the water while another child is holding him/her back. A female adult is trying to intervene. Other children and adults are standing by and watching. Some people are walking nearby, there is green wall in the background and three small gold fishes are observed in the water. A green plant is seen on the bottom left side of the picture. ",3,Image_2.png,default,D6,11
20240129161024,"A lone male figure with a hat holds a fishing pole beside a tranquil lake at dawn, the mist rising off the placid waters, under the shelter of a large oak tree in the foreground.",8,Image_3.png,effort,E4,11
20240314145233,"During a busy, overcast day, pedestrians in an American city are making their way to their destinations. The man and the woman in the foreground of the photo pass by a colorful bike taxi named Puppet Theatre. The yellow bike carries this brightly colored cab. A couple police cars are parked on the street.",9,Image_5.png,default,D5,11
20240315171104,Customers interact with a vendor at a dimly lit outdoor market. The women customer is about to bring something from her pocket and the man customer is picking something. The vendor is a women. There is a taxi behind the customers.,5,Image_6.png,effort,E8,11
20240126131801,"A man in a bright red jacket, white shorts, and black baseball cap sits on a bench surrounded by short, green, leafy plants while shirring a soup-like meal in a metal pot",8,Image_7.png,effort,E3,11
20240125151039,A red off-road vehicle is driving through a careen off a cliff. A lady is standing in the background while a man is communicating with the driving on how to navigate through the path.,6,Image_9.png,effort,E2,11
20240314145233,"A young girl in a black sweater, jeans, and boots stands in a field next to a blonde and brown horse in front of a small fire. In the background is an older man, a blue button down shirt and jeans next to another dark brown horse.",10,Image_1.png,default,D5,12
20240125151039,People enjoy a leisurely walk on a paved pathway in a park with benches and lush grass on a cloudy day. There is a man and his dog on a bench in the foreground and shed in the background.,10,Image_10.png,effort,E2,12
2024,Two people sit on a bench overlooking a calm sea as the sun sets in the distance,1,Image_11.png,control,O,12
20240320153731,"A young boy in a yellow shirt and helmet performs a scooter trick, jumping from the warm asphalt of the street onto the concrete sidewalk in a suburban neighborhood. There are no clouds to obscure the bright sun which illuminates the single story homes and bright red pickup truck behind him.",2,Image_12.png,default,D8,12
20240125120801,"Two female athletes on opposing teams in a competitive chase for the ball during a soccer match where one girl is near the ball and the other is running up behind her, with two other players in the background are also running towards the ball",2,Image_13.png,effort,E1,12
20240125205520,"A skier in a blue long sleeve shirt with his sleeves rolled up to his elbows, climbs up the side of a steep snowy mountain with specialized climbing tools. He has skis and other equipment on his back. Two ski poles stand in a foreground, with rugged rocky and snowy terrain filling the distance behind.",9,Image_15.png,default,D2,12
20240319161334,"A group of children aged 5-9 are sitting by the pool, with teenagers and adults behind them. The shallow pool is in the foreground, with a blue floor and 3 golden fish in it and a plant to the lower left.",2,Image_2.png,default,D7,12
20240125143337,"A lone figure holding a fishing pole stands beside a tranquil lake at dawn, under the shelter of a large tree while mist comes up from the water.  The sun has washed out the light in the background and trees are visible across the lake.",7,Image_3.png,default,D1,12
20240314153816,pedestrians are crossing the street while their red light is on in a busy day in an industrial city. large buildings are in the background.  A colorful vendor cart is on the side of the street attached to a yellow bike. A man and a woman are closer to the camera and the vendor cart. Two police cars are stock behind the pedestrians passing the street.,5,Image_5.png,default,D6,12
20240321132333,"A man and a girl interact with a vendor standing on the other side of the cart at a dimly lit outdoor market, with a yellow cab behind them on the road.",12,Image_6.png,effort,E9,12
20240129161024,"A thin white man with glasses, short brown hair, and in a red jacket sits on a bench surrounded by greenery, stirs a pot on a camping stove, with his backpack and other materials behind him.",5,Image_7.png,effort,E4,12
20240126131801,A red truck has swerved off the dirt and mountainous road and disassembled. A young girl wearing a green shirt and blue pants observes the truck while standing off to the side,5,Image_9.png,effort,E3,12
20240314153816,"A young girl with a black Tshirt with the word Athletic written on it in red color. She stands in a grassy area, holding a rope connected to the face of a yellow horse, she is looking at a small fire pit in the foreground. there is open land in the background with another older man with a blue shirt standing next to a brown horse.  There are logs on the grass. and fences also in the background. There are bushes behind the field.",6,Image_1.png,default,D6,13
20240126131801,People enjoy a leisurely walk on a paved pathway in a well maintained park with benches and lush grass. A man on the phone and his large black dog sit on a bench as the dog looks to the side attentively. A boy in a red shirt on the pathway is bouncing a basketball and there is another woman sitting on another bench along the path. There is a gazebo in the distance and it is a cloudy day,12,Image_10.png,effort,E3,13
20240125120801,"A man and woman sit on a bench overlooking a calm sea with a small boat driving nearby in front of them as the sun sets behind the land across with some buildings in the distance, making the partially cloudy sky orange and yellow",3,Image_11.png,effort,E1,13
2024,A young person is enjoying a sunny day outside on a scooter,1,Image_12.png,control,O,13
20240125151039,A female soccer player fouled another female soccer player in the foreground. In the background there are two other female soccer players observing the play.,11,Image_13.png,effort,E2,13
20240126144429,"A traveler treks across a steep snowy trail in a tundra, taking in the serene winter landscape",6,Image_15.png,default,D3,13
20240320153731,"A group of young boys and girls stands by an indoor fish pool. One of the female toddlers grabs the edge of the pool while an older girl holds the younger girl from behind and a young woman reaches toward both of them. Several other children gaze at the scene of the young girl grabbing the edge of the pool. Inside the pool, three orange fish swim gently next to a green fern and artificial waterfall. Several adults stroll past a bright green wall in the background.",8,Image_2.png,default,D8,13
20240125205520,"A lone figure in fishes in a grassy area beside a tranquil lake at dawn, under the shelter of a large tree. The sun reflects off the surface of the lake while fog fills the air.",8,Image_3.png,default,D2,13
20240319161334,"A road with a lot of city pedestrians is shown, with many pedestrians, cars and buildings in the background. In the foreground, a pair of middle-aged man and a woman walk by a street vendor's cart with a surrealism painting on it",1,Image_5.png,default,D7,13
20240314145233,"In front of a passing taxi cab, customers order food from a street vendor during the evening. The vendor has a variety of dishes, spices, and sauces to choose from.",11,Image_6.png,default,D5,13
20240125143337,"A younger man in a red jacket, black hat, glasses, and white cargo shorts sits on a bench surrounded by greenery with a canister of soup and a mug next to him. His arm is extended over the canister.",3,Image_7.png,default,D1,13
20240129161024,"A red off-reach vehicle is stuck in the side of a hill facing left, with its front left wheel sticking out in the air. A caucasian person with long, blonde, hair, a green shirt, and blue shorts looks down at the vehicle for the upper left of the image. The foreground consists of rocky hillside, such as in the American West, while the background has more grass and plant coverage, although it is dry. The driver can barely be seen. An individual bends over the roof of the car, mostly obscured, wearing a green shirt.",1,Image_9.png,effort,E4,13
20240319161334,"A young teenage girl is holding a the reigns of a brown and blonde horse, both looking at small fire in the foreground. There is a man in his 50s in the background to the right, in front of another brown horse with dark hair. They are all on a grassy meadow and there's a forest in the background.",12,Image_1.png,default,D7,14
20240129161024,"People enjoy a leisurely walk on a paved pathway in a park with benches and lush grass on a cloudy day. There is a pavilion in the background, with pine trees behind it. A black lab is in the nearest bench.",6,Image_10.png,effort,E4,14
20240125151039,A man and a woman sit on a bench overlooking a calm sea with a boat passing by as the sun sets in the distance over the horizon of a city skyline.,9,Image_11.png,effort,E2,14
20240125120801,"A young boy wearing a bright yellow shirt and orange helmet is enjoying a sunny, cloudless day outside riding a scooter in mid-jump from the road to the sidewalk in a suburban neighborhood with multiple houses and cars in the background",6,Image_12.png,effort,E1,14
20240126131801,Two female soccer players from different teams chase after a soccer ball while teammates in the back rush towards the ball. The player in the white jersey in the front screams and she is being pushed by the player in the purple jersey chasing after her.,10,Image_13.png,effort,E3,14
20240126170315,A traveler treks through mild snowy trail in a quiet mountain in the serene winter landscape. There are two hiking sticks at a distance in front of the traveler. The traveler is either climbing up the snowy hill or going down.,12,Image_15.png,default,D4,14
2024,"A group of individuals stands by an indoor water feature, engaging with the exhibit",1,Image_2.png,control,O,14
20240126144429,"A lone figure fishes in a tranquil foggy lake at dawn, under the shelter of a large tree",12,Image_3.png,default,D3,14
20240320153731,"A middle-aged man and a woman behind him walk away from an intersection and around a colorful street vendor cart on a crowded city block. The cart sits on the back of a yellow three-wheeled bicycle and is labeled 'puppet theatre'. Many large skyscrapers fill the background, and dozens of pedestrians fill the sidewalks of the nearby streets. Two police cars sit next to each other on the intersection.",7,Image_5.png,default,D8,14
20240314153816,Two female and one male adult are standing around a food cart at a dimly lit outdoor market. a yellow taxi is passing by behind them there different types of foods and sauces on the cart,11,Image_6.png,default,D6,14
20240125205520,"A man in a red jacket, white shorts, and branded ballcap sits on a bench surrounded by greenery, preparing a meal in a portable gas-powered stove.",11,Image_7.png,default,D2,14
20240125143337,A red off-road vehicle is stuck the side of a hill between two rocks with a young girl wearing a green shirt and blue shorts and an adult looking on. The adult is partially visible. The front tire of the vehicle is not touching the ground. The sun is shining and strong shadows are visible.  ,12,Image_9.png,default,D1,14
20240320153731,"A teenaged girl holding a rope in a fenced-in grassy field stands next to a fully grown orange-brown horse. Both the girl and the horse gaze at a small fire in the foreground. The fire is made off twigs, logs, and kindling material. An older man watching the girl stands in the background closer to a dark brown horse. Behind the fenced-in field are two large fields at the edge of a forest.",5,Image_1.png,default,D8,15
20240125143337,People enjoy a leisurely walk on a paved pathway in a park with benches and lush grass on a partly cloudy day.  A gazebo is visible in the background at the end of the path. A man sits next to his dog on a bench in the foreground.,10,Image_10.png,default,D1,15
20240126131801,A man and a woman sit on a bench overlooking a calm sea and city skyline as a boat sails through the water and the sun sets in the distance,9,Image_11.png,effort,E3,15
20240125151039,"A boy wearing an orange helmet, yellow shirt, grey shorts, and Nike tennis shoes is enjoying a sunny day outside on a scooter in the foreground with houses and parked vehicles in the background.",8,Image_12.png,effort,E2,15
20240129161024,"Two Caucasian women engage in a competitive chase for the ball during a soccer match on a green field, with their teammates watching from the background.",12,Image_13.png,effort,E4,15
20240314172051,A traveler is climbing a snowy mountain using tools being held in his hands to hold onto the ground to climb a steep section. The traveler has headgear that is connected to a backpack. There are footsteps leading up in front of the traveler on the path he is trying to climb. There is a small pine tree to the left of the screen where the traveler is climbing up. In the background there are steeper sections of the mountain the traveler is trying to climb and it is all covered in snow.,9,Image_15.png,effort,E5,15
20240125120801,"A group of kids stand by an indoor pool-like water feature with three small orange fish, engaging with the exhibit on the tiles surrounding the water as an older woman prevents one of the children from getting too close and onlookers walk by in the background",9,Image_2.png,effort,E1,15
20240126170315,"A person stands alone beside a tranquil lake at dawn, under the shelter of a large tree. The reflection of the trees is visible over the water of the lake.",4,Image_3.png,default,D4,15
2024,City pedestrians walk by a colorful street vendor cart on a busy day,1,Image_5.png,control,O,15
20240319161334,A man and a woman of age around 30 are at a street food vendor who seems to be selling spices and drinks. There is a single bulb illuminating the scene with a taxi passing behind the subjects at speed. There is a tree to the left edge of the image with a person partially obscured by it,6,Image_6.png,default,D7,15
20240126144429,"A hiker in a red jacket sits on a bench surrounded by greenery, preparing a meal outdoors",7,Image_7.png,default,D3,15
20240125205520,A red off-road vehicle is appears to be stuck in the rut of an uneven dirt path with a young girl in a green shirt and blue shorts looking from the side. The driver is still inside the vehicle and another individual is standing outside at the passenger window.,7,Image_9.png,default,D2,15
2024,"A young individual stands in a grassy area, holding a rope, with a small fire in the foreground and open land in the background",1,Image_1.png,control,O,16
20240125205520,People enjoy a leisurely walk on a paved pathway in a park with benches and lush grass on a cloudy day. There is an elderly man in exercise wear and sunglasses and a large brown dog sitting on a bench. In the back is a pagoda with several people inside of it.,3,Image_10.png,default,D2,16
20240129161024,"Two people, one with short hair one with long hair and a blue sweater, sit on a bench overlooking a calm sea as the sun sets over a skyline with woods and skyscrapers in the distance, while a medium sized boat crosses from left to right.",7,Image_11.png,effort,E4,16
20240126131801,A young boy wearing a yellow and navy shirt and orange helmet is riding on his scooter on the road in front of a neighborhood of houses,2,Image_12.png,effort,E3,16
20240125143337,Two young women in a competitive chase for the ball during a soccer match. The woman on the right has lighter hair and is wearing a blue uniform with white lettering.  The woman on the left is closer to the ball and is wearing a white uniform with black lettering. One teammate from each team is seen in the background.,4,Image_13.png,default,D1,16
20240314182149,"A traveler treks across a gentle snowy trail in a mountain trying to get the grasp of their equipment, taking in the serene winter landscape",9,Image_15.png,effort,E6,16
20240125151039,A group of children by a coy fish pool and their guardians. One child is sitting by the pool while two others are leaning in. One  child is being prevented from falling by a female child and female guardian. There are other adults in the background walking past a green wall.,3,Image_2.png,effort,E2,16
20240314172051,"A lone man fishes beside a tranquil lake at dawn, under the shelter of a large tree located on a hill behind him to the left. Across the lake there are trees and a hill with more trees. There is fog over the lake. and the sunlight from the sun coming up makes it bright to the point where much cant be seen from the middle of the land on the other side of the lake.",3,Image_3.png,effort,E5,16
20240125120801,"A man and woman walk by a street corner with a colorful street vendor cart that is labelled Puppet Theatre on a busy day, where many pedestrians are crossing the street and there are city buildings in the background",1,Image_5.png,effort,E1,16
20240320153731,"After dark, a middle-aged man and woman with a third person to their left interact with a food vendor at a dimly lit outdoor market. The vendor table contains several types of noodles and spices, and a taxi moves through the street behind the man and the woman.",10,Image_6.png,default,D8,16
20240126170315,"A man in a red jacket sits on a blue bench surrounded by greenery, preparing a meal outdoors. The man is wearing a red jacket. ",7,Image_7.png,default,D4,16
20240126144429,A red off-road vehicle is perched on an uneven dirt path with spectators close by.,2,Image_9.png,default,D3,16
20240125120801,"A young girl with her hair flying in the wind stands in a grassy area, holding a rope connected to a brown horse, looking at branches and wood burning in a concrete firepit in the foreground and man with another horse looking at them in the background, in front of a forest",10,Image_1.png,effort,E1,17
20240126144429,People enjoy a leisurely walk and sit on benches on a paved pathway in a park with lush grass on a cloudy day,8,Image_10.png,default,D3,17
20240125143337,Two people sit on a bench in the foreground overlooking a calm river as the sun sets in the distance.  Directly in front of them is a small boat moving across the water.  In the background is shoreline and a city skyline. ,11,Image_11.png,default,D1,17
20240129161024,"A white male boy with a yellow and blue T-shirt, gray shorts, and white and red sneakers is riding a scooter from the road onto the sidewalk in a neighborhood of single-story homes in neutral tones. The photo is taken from a tilted angle.",3,Image_12.png,effort,E4,17
20240125205520,A female athlete in a white jersey and black shorts prepares to kick a soccer ball away from an incoming player in a blue jersey and blue shorts in a grassy field with two of their teammates in the background.,5,Image_13.png,default,D2,17
20240314213151,"A traveler climbs a snowy vertical trail in a rocky environment filled with snow and a light forest. The traveler has climbing hooks in his hands, a helmet and backpack gear.",12,Image_15.png,effort,E7,17
20240126131801,"A group of kids stand by the stone wall of a large and shallow fish pool, some attempting to climb over. Their parents are motioning to pull the kids back from the wall.",1,Image_2.png,effort,E3,17
20240314182149,A young man fishing besides a lake and a large tree. The water seems clear and it's reflecting the image of the trees in he background.,11,Image_3.png,effort,E6,17
20240125151039,"Pedestrians walking in downtown Chicago. In the background, pedestrians are crossing the street. While in the foreground a man and a woman are walking by a colorful street vendor cart.",7,Image_5.png,effort,E2,17
2024,Customers interact with a vendor at a dimly lit outdoor market,1,Image_6.png,control,O,17
20240314172051,"A man in a red jacket, black hat, and white shorts sits on a gray wooden bench surrounded by dark green bushes with a fence in the distance. He is using a black spoon to stir a chrome pot that contains soup. There is a red can that contains fuel besides the pot on the bench and is being used to power the pot. There is also a thermos besides the man and a lid on the edge of the bench besides the pot.",8,Image_7.png,effort,E5,17
20240126170315,A red off-road vehicle is perched on an uneven dirt path with a spectator in the distance. The vehicle seems to be travelling downhill on a rough terrain. The vehicle is a red jeep with carriage at the top.,10,Image_9.png,default,D4,17
20240125151039,"A young lady stands in a grassy area, holding a horse rein, with a small fire in the foreground and man standing next to a horse with logs, a wooden fence, and open land and trees in the background.",5,Image_1.png,effort,E2,18
20240126170315,People enjoy a leisurely walk on a paved pathway in a park with benches and lush grass on a cloudy day. There is a building in the background and some people are sitting on the benches in the park. There are three benches visible in the image. There seems to be a water fountain partially visible in the lawn in the image.,1,Image_10.png,default,D4,18
20240125205520,An older couples sits on a bench overlooking a large body of water at sunset with a small ship swimming across the middle and tall buildings in the distance across the water.,12,Image_11.png,default,D2,18
20240125143337,A young boy wearing a yellow shirt and orange helmet is riding a scooter with green wheels and handlebars on the street on a sunny day with clear blue skies.  The picture is taken looking up from the ground and is oriented at an angle.  Houses and vehicles are visible in the background,9,Image_12.png,default,D1,18
20240126144429,Two opposing players in a competitive chase for the ball during a soccer match,11,Image_13.png,default,D3,18
20240315171104,"A man traveler with a bag on his backis climbing across a gentle snowy mountain in a quiet forest, taking in the serene winter landscape. There are two climbing sticks in the snow in front of the man.",8,Image_15.png,effort,E8,18
20240129161024,"People walk along a sidewalk in front of a green wall. In the foreground, a water feature attracts the attention of some children, whose guardians pay attention to them. One child tries to climb in the pool while a woman gestures toward him and a man with a hat watches over. A few coy fish swim in the pond. A lush green plant is in the foreground. The pool has blue tiles on its bottom and gray tiles around its edge.",11,Image_2.png,effort,E4,18
20240314213151,"A lone figure dressed in obscure cloths and a dark hat stands beside a tranquil lake while fishing at dawn, under the shelter of a large tree which lies on a small hill filled with green pasture. In the background, there is a dusky wooded area",1,Image_3.png,effort,E7,18
20240126131801,City pedestrians walk by a colorful street vendor cart labeled Puppet Theatre on a crowded day. The scenery behind them has towering buildings and street lights,11,Image_5.png,effort,E3,18
20240125120801,"A man and two women, where one woman is occluded by a tree in the foreground, interact with a female vendor while they interact with the products on a table between them at a dimly lit outdoor market with a blurry yellow taxi in the background",11,Image_6.png,effort,E1,18
20240314182149,"A man with glasses, a red jacket, and a cap siting outdoors on a bench surrounded by grass, preparing noodles in a pot.",5,Image_7.png,effort,E6,18
20240314172051,A red off-road vehicle is stuck on its side on a rocky uneven path with a woman dressed with a yellow shirt and blue shorts looking some distance away while a man with a cap talks to the driver of the off-road vehicle. One of the vehicles tires is completely off the ground. In the distance past the woman there is a patch of dead grass going up a hill that makes up most of the background with a hint of the blue sky on the top right corner.,12,Image_9.png,effort,E5,18
